{"3": {"accuracy": 1.0, "precision": 1.0, "recall": 1.0, "F1Score": 1.0}, "4": {"accuracy": 0.9967124070897656, "precision": 0.9175824175824175, "recall": 0.9542857142857143, "F1Score": 0.9355742296918768}, "999": {"accuracy": 0.9712692967409948, "precision": 0.9853817000541418, "recall": 0.9127382146439318, "F1Score": 0.9476698776360323}, "5": {"accuracy": 0.9705546026300743, "precision": 0.9020100502512562, "recall": 0.9236706689536878, "F1Score": 0.9127118644067796}, "1": {"accuracy": 0.980989136649514, "precision": 0.960015088645794, "recall": 0.98950233281493, "F1Score": 0.9745357074478269}, "2": {"accuracy": 0.9867066895368782, "precision": 0.94375, "recall": 0.9724011039558418, "F1Score": 0.957861350249207}}