{"3": {"accuracy": 0.9997141223556318, "precision": 0, "recall": 0.0, "F1Score": 0}, "4": {"accuracy": 0.9991423670668954, "precision": 0.9884393063583815, "recall": 0.9771428571428571, "F1Score": 0.9827586206896551}, "999": {"accuracy": 0.9805603201829617, "precision": 0.9803516028955532, "recall": 0.950852557673019, "F1Score": 0.965376782077393}, "5": {"accuracy": 0.9834190966266438, "precision": 0.9353233830845771, "recall": 0.967409948542024, "F1Score": 0.9510961214165261}, "1": {"accuracy": 0.9894225271583762, "precision": 0.9789110429447853, "recall": 0.9926127527216174, "F1Score": 0.9857142857142858}, "2": {"accuracy": 0.9951400800457404, "precision": 0.9897674418604652, "recall": 0.9788408463661453, "F1Score": 0.9842738205365402}}